{
  "dependencies": {
    "secrets1": {
      "secretStore": null,
      "resourceId": "/subscriptions/[parameters('subscriptionId')]/resourceGroups/[parameters('resourceGroupName')]/providers/Microsoft.KeyVault/vaults/DriveHubKeyVault",
      "type": "secrets.keyVault",
      "connectionId": "VaultUri",
      "dynamicId": null
    },
    "storage1": {
      "serviceConnectorResourceId": "/subscriptions/[parameters('subscriptionId')]/resourceGroups/[parameters('resourceGroupName')]/providers/Microsoft.ServiceLinker/locations/australiasoutheast/connectors/vehiclephotos_BAFF1DC7FD",
      "secretStore": "AzureKeyVault",
      "resourceId": "/subscriptions/[parameters('subscriptionId')]/resourceGroups/[parameters('resourceGroupName')]/providers/Microsoft.Storage/storageAccounts/drivehubstorage",
      "type": "storage.azure",
      "connectionId": "vehiclephotos",
      "dynamicId": null
    },
    "mssql1": {
      "serviceConnectorResourceId": "/subscriptions/[parameters('subscriptionId')]/resourceGroups/[parameters('resourceGroupName')]/providers/Microsoft.ServiceLinker/locations/australiasoutheast/connectors/DriveHubDb_A298B071EB",
      "secretStore": "AzureKeyVault",
      "resourceId": "/subscriptions/[parameters('subscriptionId')]/resourceGroups/[parameters('resourceGroupName')]/providers/Microsoft.Sql/servers/drivehub/databases/DriveHubDb",
      "type": "mssql.azure",
      "connectionId": "DriveHubDb"
    },
    "mssql2": {
      "serviceConnectorResourceId": "/subscriptions/[parameters('subscriptionId')]/resourceGroups/[parameters('resourceGroupName')]/providers/Microsoft.ServiceLinker/locations/australiaeast/connectors/DriveHubAdminDb_0E9DB4C3D6",
      "secretStore": "AzureKeyVault",
      "resourceId": "/subscriptions/[parameters('subscriptionId')]/resourceGroups/[parameters('resourceGroupName')]/providers/Microsoft.Sql/servers/drivehubaus/databases/DriveHubAdminDb",
      "type": "mssql.azure",
      "connectionId": "DriveHubAdminDb"
    }
  }
}