PodId,SiteId,VehicleId,PodName
48ef47b8-95f2-42ac-a17d-7fc596dce08d,1,236d7fac-7e6f-4856-9203-de65bc9e7545,1
e9de308d-c76f-4c3e-98b0-a9911fcaa068,1,4e0f6bb8-4835-4960-87ab-b89e21c78ab4,2
6e647d5e-cbd2-4e59-bccd-ec95fec29c53,1,,3
3b631e74-875f-42a8-8b12-3773ecbf2a7c,2,0fbbd18e-bd5b-4f99-a00b-29533d26c3ad,4
77be04ce-fa47-4d5e-81b9-9e8de26230e1,2,5780bc06-a5e2-4598-9eea-7cb90b55e169,5
5f0244c5-765c-41b5-a4ee-5c01badd5ad6,2,,6
f6456d24-307a-496c-b70c-fe4a7e1f1f75,3,0e1769a3-c277-462f-a448-830b76328285,7
35736a09-9d28-4cde-ab0b-e716ed82c19b,3,36d4bc1e-6159-46df-ad98-da93a38bcc82,8
4121be84-af99-4be1-80b9-5c4fd2117567,3,,9
454f2073-c06d-4dfa-a976-d8f1d2cc93d2,4,eeb7b72c-b362-4513-b84b-baa954c83ce0,10
b80ecb44-70de-4674-894c-66ff449b1466,4,3685eb7e-7cdc-4c5e-8980-a85ecaf62023,11
ecba9af5-0de3-4740-950f-8c25817b92f7,4,,12
f7cc67fc-38e1-453b-9e90-150924d5aff2,5,417b7216-6148-4a40-9458-99db17987790,13
e904170e-a945-4edd-802a-72e214e89cdb,5,cac6a77c-59fd-4d0e-b557-9a3230a79e9a,14
6cad124f-c273-4057-bfaa-9d13e3b21dba,5,,15
