{
  "dependencies": {
    "secrets1": {
      "secretStore": null,
      "resourceId": "/subscriptions/[parameters('subscriptionId')]/resourceGroups/[parameters('resourceGroupName')]/providers/Microsoft.KeyVault/vaults/DriveHubKeyVault",
      "type": "secrets.keyVault",
      "connectionId": "VaultUri"
    },
    "mssql1": {
      "serviceConnectorResourceId": "/subscriptions/[parameters('subscriptionId')]/resourceGroups/[parameters('resourceGroupName')]/providers/Microsoft.ServiceLinker/locations/australiaeast/connectors/DriveHubDb_26EFC62899",
      "secretStore": "AzureKeyVault",
      "resourceId": "/subscriptions/[parameters('subscriptionId')]/resourceGroups/[parameters('resourceGroupName')]/providers/Microsoft.Sql/servers/drivehubaus/databases/DriveHubDb",
      "type": "mssql.azure",
      "connectionId": "DriveHubDb"
    }
  }
}